country,flow,value
Finland,Industry,1.1308081369863012
Finland,Other,7.746384164383561
France,Other,4.5894234520547945
Germany,Industry,24.976101424657532
Germany,Residential,64.25901734246575
World,Industry,926.5348535342466
World,Residential,200.13689416438353
World,Commercial,15.015113397260274
World,Other,230.72964323287673
