country,flow,value
Finland,Industry,1.2636518356164383
Finland,Residential,6.765670328767123
Finland,Other,2.2237412602739726
France,Other,5.840604246575342
Germany,Industry,29.92326904109589
Germany,Residential,72.80433134246576
Japan,Commercial,0.34720101369863016
World,Industry,983.4714217808221
World,Residential,223.3860676712329
World,Commercial,16.481153561643836
World,Other,237.72981331506847
