flow,period,value
Production,2016,16.145178493150688
Imports,2016,152.40076117808218
