flow,period,value
Production,2010,0.31689534246575346
Total Consumption,2010,0.18275232876712327
Electricity,2010,-0.03318520547945206
