flow,period,value
Production,2010,1.836871232876712
Total Consumption,2010,0.19911123287671234
Electricity,2010,-4.818865753424657
