flow,period,value
Production,2010,0.8501956164383561
Exports,2010,0.833836712328767
Total Consumption,2010,0.016358904109589067
