flow,period,value
Production,2010,4.45683028869598
Exports,2010,-4.193958369827677
Total Consumption,2010,0.26287191886830286
