flow,period,value
Production,2010,1.403102851623694
Total Consumption,2010,0.7046694321487885
Electricity,2010,-0.7
