flow,period,value
Production,2010,6.494087659925323
Exports,2010,-4.193958369827677
Total Consumption,2010,0.9675413510170914
Electricity,2010,-1.41
