flow,period,value
Residential,2015,0.004217260273972603
Production,2015,0.004217260273972603
Total Consumption,2015,0.004217260273972603
