flow,period,value
Industry,2015,83.17055791780821
Residential,2015,81.71941873972602
Commercial,2015,27.74989391780822
