flow,period,value
Electricity output in GWh,2015,37413.0
Production,2015,195.80247438356164
Electricity,2015,-195.80247438356164
