flow,period,value
Electricity output in GWh,2015,4077.0
Production,2015,21.337148027397262
Electricity,2015,-21.337148027397262
