flow,period,value
Other,2015,1.1739647671232876
Production,2015,1.1739647671232876
Total Consumption,2015,1.1739647671232876
