flow,period,value
Industry,2015,0.9864573424657535
Residential,2015,1.539882383561644
Commercial,2015,0.871366301369863
