flow,period,value
Production,2010,1.2671139726027398
Electricity,2010,-1.27
Electricity output in GWh,2014,1359.0
Production,2014,2.347086082191781
Electricity,2014,-2.347086082191781
