flow,period,value
Electricity output in GWh,2015,1356.0
Production,2015,2.341904876712329
Electricity,2015,-2.341904876712329
